quantity,hist-mean,pred-mean,diff-mean
riv-swgw,-1066176.9316479168,-787040.4679710929,-279136.4636768239
lake-stage,13.597088830190232,13.400779242986163,0.19630958720406966
wel-sum,35832365.67020519,39877207.31309618,-4044841.64289099
