quantity,hist-mean,pred-mean,diff-mean
riv-swgw,-1046647.8271611853,-853399.799907852,-193248.02725333336
lake-stage,13.548853635445152,13.41380595570379,0.135047679741362
