quantity,hist-mean,pred-mean,diff-mean
riv-swgw,-1046647.8275294168,-853399.8001556495,-193248.02737376723
lake-stage,13.54885364571909,13.413805959983028,0.13504768573606185
