quantity,hist-mean,pred-mean,diff-mean
riv-swgw,-928783.6240693636,-625235.692524862,-303547.93154450157
lake-stage,13.113829877978903,12.880279531641948,0.23355034633695482
wel-sum,35832365.69718552,80567634.14662808,-44735268.449442565
